{
  "cache_mobile": 1,
  "cache_logged_user": 1,
  "purge_cron_interval": 10,
  "purge_cron_unit": "HOUR_IN_SECONDS",
  "minify_css": 1,
  "exclude_css": [],
  "optimize_css_delivery": "1",
  "remove_unused_css_safelist": [],
  "critical_css": "",
  "minify_js": 1,
  "exclude_inline_js": [],
  "exclude_js": [],
  "defer_all_js": 1,
  "exclude_defer_js": [],
  "delay_js": 1,
  "delay_js_exclusions": [],
  "exclude_lazyload": [],
  "image_dimensions": 1,
  "manual_preload": 1,
  "preload_excluded_uri": [],
  "preload_links": "1",
  "dns_prefetch": [],
  "preload_fonts": [
    "/wp-content/themes/carbon-better-theme/dist/c46cca07c68baf8efb7592ca4c2275d9.woff2",
    "/wp-content/themes/carbon-better-theme/dist/03db8d8e0cd3dfd6f4c50c079600c37d.woff2",
    "/wp-content/themes/carbon-better-theme/dist/437d8480ef2376b9ede84d5d89c4a32a.woff2",
    "/wp-content/themes/carbon-better-theme/dist/bf72a2928daf4b690eb2aa35402aab96.woff2",
    "/wp-content/themes/carbon-better-theme/dist/7eff08387978e75b093c639a1a203c62.woff2"
  ],
  "cache_reject_uri": [],
  "cache_reject_cookies": [],
  "cache_reject_ua": [],
  "cache_purge_pages": [],
  "cache_query_strings": [],
  "automatic_cleanup_frequency": "",
  "cdn_cnames": [],
  "cdn_zone": [],
  "cdn_reject_files": [],
  "control_heartbeat": 1,
  "heartbeat_admin_behavior": "reduce_periodicity",
  "heartbeat_editor_behavior": "reduce_periodicity",
  "heartbeat_site_behavior": "reduce_periodicity",
  "cloudflare_api_key": "",
  "cloudflare_email": "",
  "cloudflare_zone_id": "",
  "sucury_waf_api_key": "",
  "consumer_key": "a0b359e3",
  "consumer_email": "joseph@carbonbetter.com",
  "secret_key": "277d0a0c",
  "license": "1687374083",
  "secret_cache_key": "64934900c19c6075286331",
  "minify_css_key": "6549351020054006076671",
  "minify_js_key": "6549351020063196607088",
  "version": "3.15.3",
  "cloudflare_old_settings": "",
  "cache_ssl": 1,
  "minify_google_fonts": 1,
  "emoji": 1,
  "remove_unused_css": 1,
  "async_css": 0,
  "minify_concatenate_css": "0",
  "async_css_mobile": "1",
  "do_caching_mobile_files": 0,
  "minify_concatenate_js": 0,
  "lazyload": 0,
  "lazyload_iframes": 0,
  "lazyload_youtube": 0,
  "database_revisions": 0,
  "database_auto_drafts": 0,
  "database_trashed_posts": 0,
  "database_spam_comments": 0,
  "database_trashed_comments": 0,
  "database_all_transients": 0,
  "database_optimize_tables": 0,
  "schedule_automatic_cleanup": 0,
  "sucury_waf_cache_sync": 0,
  "cdn": 0,
  "varnish_auto_purge": 0,
  "delay_js_exclusions_selected": [],
  "delay_js_exclusions_selected_exclusions": []
}